population,w,c1,c2,best_fitness,x,y,z,time
100,0.2,0.5,2.0,2.0,125.00000061662773,1.2701022818656371,-4.924303951125695e-09,4.8830389976501465
100,0.2,1.0,2.0,2.0,125.00000414889438,1.2701005062873194,3.7356165696818665e-09,4.93393874168396
100,0.2,1.5,1.5,2.0,124.99996053735023,1.269934659415618,2.1387351268755383e-09,5.70398473739624
100,0.2,1.5,2.0,2.0,125.00008482313454,1.2699826756599806,1.5775433938331429e-09,5.510993957519531
100,0.2,2.0,1.5,2.0,125.00000197577293,1.2699300483133387,-6.180652785860247e-09,5.6169960498809814
100,0.2,2.0,2.0,2.0,124.99997881099858,1.2700068471337185,5.361245579468626e-09,5.039613962173462
100,0.4,0.5,2.0,2.0,125.00007223691082,1.2700092783204289,7.274591932350592e-09,4.8573689460754395
100,0.4,1.0,1.0,2.0,124.99999696701457,1.2700270030070293,7.477555094455185e-10,5.074090957641602
100,0.4,1.0,1.5,2.0,124.99989349314873,1.2699890360526007,9.648307720576391e-09,4.982821941375732
100,0.4,1.0,2.0,2.0,124.99998229637686,1.2700948928750166,3.500381216818389e-09,4.964752197265625
100,0.4,1.5,1.5,2.0,125.0000232778461,1.2700881737130563,-6.578773541749347e-09,5.041592836380005
100,0.4,1.5,2.0,2.0,125.0000945989988,1.269950513711722,2.520710264852775e-09,5.115995168685913
100,0.4,2.0,1.0,2.0,124.99994512509132,1.2699357412340133,-7.853309436636955e-09,5.037806034088135
100,0.4,2.0,1.5,2.0,124.99996400852804,1.270033003288135,-8.43695418158378e-09,5.053882837295532
100,0.4,2.0,2.0,2.0,125.00003100098044,1.2700687367393524,-5.835871653215115e-09,5.084762096405029
100,0.6,0.5,1.0,2.0,125.00008707978688,1.2699706852259887,-3.778469468039364e-10,4.913719177246094
100,0.6,0.5,1.5,2.0,124.99995734971995,1.2699181208596535,2.3502942457259246e-10,4.926384925842285
100,0.6,0.5,2.0,2.0,124.9999680349519,1.2699884761375935,1.3112096662458503e-09,4.911766052246094
100,0.6,1.0,0.5,2.0,125.00007221782161,1.270079012795893,-1.0009484633253965e-08,4.98845911026001
100,0.6,1.0,1.0,2.0,125.00006274930222,1.2700434650180887,7.3409004173966215e-09,4.99704909324646
100,0.6,1.0,1.5,2.0,124.99997225590899,1.270103219655302,6.834812409111355e-09,5.152921199798584
100,0.6,1.0,2.0,2.0,124.99996279475539,1.2700415294285436,5.954835399373943e-09,4.981110095977783
100,0.6,1.5,1.0,2.0,124.99989535947184,1.269991483941039,-1.0041923452246425e-08,5.047855854034424
100,0.6,1.5,1.5,2.0,124.99994808203023,1.2700842607254212,-1.2479915106839868e-09,5.036303758621216
100,0.6,1.5,2.0,2.0,125.00004695240594,1.2700418860179974,1.0102896148280997e-08,5.041699171066284
100,0.6,2.0,0.5,2.0,125.00005926132579,1.269910936182014,9.250437256600158e-09,5.058845043182373
100,0.6,2.0,1.0,2.0,124.99995423413941,1.2699972222552465,1.4458531008846991e-09,5.05684494972229
100,0.6,2.0,1.5,2.0,124.999986540031,1.2701001620759191,2.6092597603252486e-09,5.073494911193848
100,0.6,2.0,2.0,2.0,125.00010020568475,1.2700194859461071,-5.290011394270112e-09,5.0947229862213135
100,0.7,0.5,1.0,2.0,124.99994507413602,1.2699122622817944,1.3966910041925757e-09,4.950484991073608
100,0.7,0.5,1.5,2.0,124.9999236342735,1.2700654961197368,7.344672782897818e-09,4.944919109344482
100,0.7,0.5,2.0,2.0,125.00004410969736,1.2699671108375008,8.936223043818003e-09,4.936746835708618
100,0.7,1.0,0.5,2.0,125.00003814745348,1.2700982248733108,3.6383958944230396e-09,5.071202993392944
100,0.7,1.0,1.0,2.0,125.0000081656019,1.270103330333495,5.042166762134744e-09,5.002824068069458
100,0.7,1.0,1.5,2.0,125.00001080820357,1.2699140496144632,-7.682680360172703e-09,4.9881768226623535
100,0.7,1.0,2.0,2.0,124.99995119622477,1.270063233845295,-4.3820914180772896e-10,5.001119136810303
100,0.7,1.5,0.5,2.0,124.99997435651025,1.2699769954087172,2.9984913055254813e-09,5.0476768016815186
100,0.7,1.5,1.0,2.0,124.99994418083013,1.2699108614135428,-4.054938185444853e-09,5.040830850601196
100,0.7,1.5,1.5,2.0,125.00009709665547,1.2700284240968944,3.9762926804627625e-09,5.0751519203186035
100,0.7,1.5,2.0,2.0,124.999973950706,1.269952718130384,8.49200357967855e-09,6.551460266113281
100,0.7,2.0,0.5,2.0,125.00009026344785,1.2699587712729141,-5.773639313813478e-09,7.49230694770813
100,0.7,2.0,1.0,2.0,124.99991363055156,1.2700242304654072,-9.272013365101206e-09,6.503377199172974
100,0.7,2.0,1.5,2.0,124.9999606615106,1.2699756783435376,3.2742529993626917e-10,6.287324905395508
100,0.7,2.0,2.0,2.0,124.9999152641901,1.2699988664586364,8.144184585632706e-09,5.741029977798462
100,0.8,0.5,0.5,2.0,125.00007791586351,1.2699276254166199,6.215806410971375e-09,5.2543418407440186
100,0.8,0.5,1.0,2.0,124.99997246023761,1.2700989816695432,-2.926199979633053e-09,5.3299720287323
100,0.8,0.5,1.5,2.0,124.99996471978446,1.270101173336138,2.383744851495128e-09,5.324868202209473
100,0.8,0.5,2.0,2.0,124.9999785265853,1.2699799711216906,-5.291821309618128e-09,4.957365036010742
100,0.8,1.0,0.5,2.0,124.99989693999358,1.2700003837975766,-9.472015579373893e-09,5.33586573600769
100,0.8,1.0,1.0,2.0,124.99991630544335,1.2699440600797691,-8.94585184639977e-09,5.998338937759399
100,0.8,1.0,1.5,2.0,124.99998664493094,1.2699903173690212,-2.95766895935469e-09,5.4523701667785645
100,0.8,1.0,2.0,2.0,125.00002982683847,1.2699981119063386,-3.873137209441448e-09,5.485769271850586
100,0.8,1.5,0.5,2.0,125.00000890565639,1.2699087022494726,-2.701157107535062e-09,5.026077032089233
100,0.8,1.5,1.0,2.0,124.99991263624175,1.2700067817842995,7.964514568078392e-09,5.041894197463989
100,0.8,1.5,1.5,2.0,124.99993454932577,1.2700591008855089,-1.0188932056628683e-08,5.053122043609619
100,0.8,1.5,2.0,2.0,125.00005115111108,1.2700086180088124,6.200362737854707e-09,5.333071947097778
100,0.8,2.0,0.5,2.0,125.0000626404536,1.2699921700940506,2.778581230929375e-10,5.042926073074341
100,0.8,2.0,1.0,2.0,125.0000270030456,1.2700449501858204,-9.553471887527496e-09,5.193428993225098
100,0.8,2.0,1.5,2.0,124.9999077234815,1.2699877659281984,1.9453372041919166e-09,5.0559821128845215
100,0.8,2.0,2.0,2.0,124.9999216149322,1.270030040229998,-8.060892067543374e-09,5.3872230052948
100,0.9,0.5,0.5,2.0,124.99997060938998,1.269923294618132,4.7290584723254345e-09,4.999448776245117
100,0.9,0.5,1.0,2.0,124.99991425475604,1.2699871610431281,-7.121412062810504e-09,4.98439621925354
100,0.9,0.5,1.5,2.0,124.99997081904485,1.2700404171995223,-3.897230795743288e-09,4.9496800899505615
100,0.9,0.5,2.0,2.0,124.99999365738569,1.2699095738103356,-2.950354539122095e-09,4.9996209144592285
100,0.9,1.0,0.5,2.0,124.999988653493,1.2700699543574614,3.16334094521121e-09,5.067626953125
100,0.9,1.0,1.0,2.0,124.999950390434,1.2699856781433454,1.4711690111702508e-09,5.036210060119629
100,0.9,1.0,1.5,2.0,124.99991807572566,1.2699601716042652,1.0252652651374928e-08,5.206232070922852
100,0.9,1.5,0.5,2.0,124.99999470879754,1.2699115533395091,5.098996355200524e-09,5.069659948348999
100,0.9,1.5,1.0,2.0,125.00009712094027,1.269968245641206,9.041534081214299e-10,5.048901081085205
100,0.9,1.5,1.5,2.0,125.00005199624029,1.2699140970645828,6.002189265727372e-09,5.688631057739258
100,0.9,2.0,0.5,2.0,125.00002285592761,1.2700964314221452,-7.077123017191701e-10,5.496686935424805
100,0.4,0.5,1.0,1.9999999999999998,125.00012084027469,1.2699974512188936,3.308877739686755e-09,5.035221099853516
100,0.4,1.5,1.0,1.9999999999999996,124.9998732075119,1.2699260329529996,8.196689638437016e-09,5.16480278968811
100,0.2,0.5,1.5,1.9999999999999991,125.00002045977679,1.2698324922039415,-6.0553990473873965e-09,4.916444778442383
100,0.2,1.0,1.5,1.9999999999999991,125.00017040230074,1.2699867335445743,-7.209720254159821e-09,5.016570091247559
100,0.7,0.5,0.5,1.9999999999999987,125.00018532683303,1.2699817211242472,8.422653190349576e-09,5.016017198562622
100,0.4,0.5,1.5,1.9999999999999982,125.00000519972012,1.2698013945491138,-6.632655808510294e-09,4.9348390102386475
100,0.9,2.0,1.0,1.999999999999692,124.99952322528243,1.2705127044373445,-7.639170281964286e-08,5.073930025100708
100,0.2,2.0,1.0,1.9999999999996603,125.0000819216747,1.2707197746714753,-3.083661459691128e-09,6.174346923828125
100,0.6,0.5,0.5,1.9999999998674056,124.99998612840432,1.2667803144381462,-8.333092135042016e-08,5.043855905532837
100,0.2,0.5,1.0,1.9999999995604307,125.00420814854874,1.2710804405889593,-4.5804131514637575e-08,5.18678617477417
100,0.9,1.0,2.0,1.9999999964383295,125.00019765472815,1.2637747903790133,2.9198846169163194e-05,5.02856707572937
100,0.2,1.0,1.0,1.999999930034544,124.99891808118491,1.2546064649451845,1.8025038629727756e-06,5.059387922286987
100,0.9,2.0,1.5,1.9999926050894803,124.96121677230319,1.2916548641329746,-0.001138445249004194,5.067805051803589
100,0.9,1.5,2.0,1.9999903809597348,125.02925984106301,1.2831866692597242,-0.002038403833074588,5.017755746841431
100,0.2,1.5,1.0,1.9999889442264542,124.94584214016801,1.2624801706898716,0.0001208211130186934,5.387247085571289
100,0.6,1.5,0.5,1.9997212258162291,124.88609697572691,1.2319454033303483,0.0033311338547679873,5.085906028747559
100,0.4,1.0,0.5,1.9954203200081748,125.05241692439036,1.0287203149325448,-0.0006794937742624043,4.972243785858154
100,0.9,2.0,2.0,1.9950646611077232,124.98710575540335,1.3693263298964682,-0.04910745818170825,5.071567058563232
100,0.4,0.5,0.5,1.9373169642721344,125.39101400641782,1.4546533978152183,0.10186546091591785,4.966730833053589
100,0.2,0.5,0.5,0.7370957938630087,124.46835233563233,2.0163468830635787,0.8881858967679727,4.930080890655518
100,0.2,1.0,0.5,0.005205427024579975,124.54811599640375,1.2455071712836119,19.324264585646937,4.969904899597168
100,0.2,1.5,0.5,0.0012439461581160503,124.81455753421601,1.338591360872696,40.06584284128507,4.99908185005188
100,0.2,2.0,0.5,0.0005183863799246307,124.41335517871445,1.9854893010230008,50.02921032208157,5.738736867904663
100,0.4,1.5,0.5,0.00043502170430360893,125.1572775153086,1.2716871183464389,67.7844856252579,5.022893190383911
100,0.4,2.0,0.5,0.00020593727108226067,125.20775202834687,2.3036943692067866,69.13979242144181,4.978989124298096
